{
    "name": "root",
    "gauges": {
        "DriveBehavior.Policy.Entropy.mean": {
            "value": 1.322189211845398,
            "min": 1.3221890926361084,
            "max": 1.418938398361206,
            "count": 400
        },
        "DriveBehavior.Policy.Entropy.sum": {
            "value": 1312.933837890625,
            "min": 1250.0770263671875,
            "max": 1478.8424072265625,
            "count": 400
        },
        "DriveBehavior.Environment.EpisodeLength.mean": {
            "value": 10.821428571428571,
            "min": 3.9029126213592233,
            "max": 11.986842105263158,
            "count": 400
        },
        "DriveBehavior.Environment.EpisodeLength.sum": {
            "value": 909.0,
            "min": 798.0,
            "max": 957.0,
            "count": 400
        },
        "DriveBehavior.Step.mean": {
            "value": 399969.0,
            "min": 996.0,
            "max": 399969.0,
            "count": 400
        },
        "DriveBehavior.Step.sum": {
            "value": 399969.0,
            "min": 996.0,
            "max": 399969.0,
            "count": 400
        },
        "DriveBehavior.Policy.ExtrinsicValueEstimate.mean": {
            "value": 8013.6240234375,
            "min": 0.06432381272315979,
            "max": 8750.1328125,
            "count": 400
        },
        "DriveBehavior.Policy.ExtrinsicValueEstimate.sum": {
            "value": 673144.4375,
            "min": 9.584247589111328,
            "max": 1055166.375,
            "count": 400
        },
        "DriveBehavior.Environment.CumulativeReward.mean": {
            "value": 6524.109398421787,
            "min": 258.70005144286404,
            "max": 6932.750173138945,
            "count": 400
        },
        "DriveBehavior.Environment.CumulativeReward.sum": {
            "value": 548025.1894674301,
            "min": 50187.80997991562,
            "max": 597006.7389473915,
            "count": 400
        },
        "DriveBehavior.Policy.ExtrinsicReward.mean": {
            "value": 6524.109398421787,
            "min": 258.70005144286404,
            "max": 6932.750173138945,
            "count": 400
        },
        "DriveBehavior.Policy.ExtrinsicReward.sum": {
            "value": 548025.1894674301,
            "min": 50187.80997991562,
            "max": 597006.7389473915,
            "count": 400
        },
        "DriveBehavior.IsTraining.mean": {
            "value": 1.0,
            "min": 1.0,
            "max": 1.0,
            "count": 400
        },
        "DriveBehavior.IsTraining.sum": {
            "value": 1.0,
            "min": 1.0,
            "max": 1.0,
            "count": 400
        },
        "DriveBehavior.Losses.PolicyLoss.mean": {
            "value": 0.09877070791834423,
            "min": 0.09421421095137715,
            "max": 0.10469351233433062,
            "count": 33
        },
        "DriveBehavior.Losses.PolicyLoss.sum": {
            "value": 0.09877070791834423,
            "min": 0.09421421095137715,
            "max": 0.10469351233433062,
            "count": 33
        },
        "DriveBehavior.Losses.ValueLoss.mean": {
            "value": 22930113.84219858,
            "min": 945844.5412767379,
            "max": 23484094.636524823,
            "count": 33
        },
        "DriveBehavior.Losses.ValueLoss.sum": {
            "value": 22930113.84219858,
            "min": 945844.5412767379,
            "max": 23484094.636524823,
            "count": 33
        },
        "DriveBehavior.Policy.LearningRate.mean": {
            "value": 8.060991939999958e-07,
            "min": 8.060991939999958e-07,
            "max": 9.699600300400002e-05,
            "count": 33
        },
        "DriveBehavior.Policy.LearningRate.sum": {
            "value": 8.060991939999958e-07,
            "min": 8.060991939999958e-07,
            "max": 9.699600300400002e-05,
            "count": 33
        },
        "DriveBehavior.Policy.Epsilon.mean": {
            "value": 0.10080599999999998,
            "min": 0.10080599999999998,
            "max": 0.19699599999999998,
            "count": 33
        },
        "DriveBehavior.Policy.Epsilon.sum": {
            "value": 0.10080599999999998,
            "min": 0.10080599999999998,
            "max": 0.19699599999999998,
            "count": 33
        },
        "DriveBehavior.Policy.Beta.mean": {
            "value": 1.797939999999996e-05,
            "min": 1.797939999999996e-05,
            "max": 0.0009702604,
            "count": 33
        },
        "DriveBehavior.Policy.Beta.sum": {
            "value": 1.797939999999996e-05,
            "min": 1.797939999999996e-05,
            "max": 0.0009702604,
            "count": 33
        }
    },
    "metadata": {
        "timer_format_version": "0.1.0",
        "start_time_seconds": "1669045448",
        "python_version": "3.8.10 (tags/v3.8.10:3d8993a, May  3 2021, 11:48:03) [MSC v.1928 64 bit (AMD64)]",
        "command_line_arguments": "C:\\Users\\wastl\\AppData\\Local\\Packages\\PythonSoftwareFoundation.Python.3.8_qbz5n2kfra8p0\\LocalCache\\local-packages\\Python38\\Scripts\\mlagents-learn config/ppo/90_car_01.yaml --run-id=90_car04_long",
        "mlagents_version": "0.28.0",
        "mlagents_envs_version": "0.28.0",
        "communication_protocol_version": "1.5.0",
        "pytorch_version": "1.7.1+cu110",
        "numpy_version": "1.23.3",
        "end_time_seconds": "1669049979"
    },
    "total": 4531.3480947,
    "count": 1,
    "self": 0.03086419999908685,
    "children": {
        "run_training.setup": {
            "total": 0.6163604999999999,
            "count": 1,
            "self": 0.6163604999999999
        },
        "TrainerController.start_learning": {
            "total": 4530.700870000001,
            "count": 1,
            "self": 7.973031199995603,
            "children": {
                "TrainerController._reset_env": {
                    "total": 41.7908057,
                    "count": 1,
                    "self": 41.7908057
                },
                "TrainerController.advance": {
                    "total": 4480.713647400004,
                    "count": 440852,
                    "self": 6.946232999543099,
                    "children": {
                        "env_step": {
                            "total": 4018.4505856002747,
                            "count": 440852,
                            "self": 2851.903107000565,
                            "children": {
                                "SubprocessEnvManager._take_step": {
                                    "total": 1161.5865016999198,
                                    "count": 440852,
                                    "self": 19.594372199978125,
                                    "children": {
                                        "TorchPolicy.evaluate": {
                                            "total": 1141.9921294999417,
                                            "count": 400031,
                                            "self": 584.5133332999303,
                                            "children": {
                                                "TorchPolicy.sample_actions": {
                                                    "total": 557.4787962000114,
                                                    "count": 400031,
                                                    "self": 557.4787962000114
                                                }
                                            }
                                        }
                                    }
                                },
                                "workers": {
                                    "total": 4.960976899789891,
                                    "count": 440852,
                                    "self": 0.0,