{
    "name": "root",
    "gauges": {
        "DriveBehavior.Policy.Entropy.mean": {
            "value": 1.418938398361206,
            "min": 1.4189382791519165,
            "max": 1.418938398361206,
            "count": 10
        },
        "DriveBehavior.Policy.Entropy.sum": {
            "value": 1443.060302734375,
            "min": 1383.46484375,
            "max": 1454.411865234375,
            "count": 10
        },
        "DriveBehavior.Environment.EpisodeLength.mean": {
            "value": 2.658273381294964,
            "min": 2.206451612903226,
            "max": 3.195020746887967,
            "count": 10
        },
        "DriveBehavior.Environment.EpisodeLength.sum": {
            "value": 739.0,
            "min": 684.0,
            "max": 770.0,
            "count": 10
        },
        "DriveBehavior.Step.mean": {
            "value": 9975.0,
            "min": 968.0,
            "max": 9975.0,
            "count": 10
        },
        "DriveBehavior.Step.sum": {
            "value": 9975.0,
            "min": 968.0,
            "max": 9975.0,
            "count": 10
        },
        "DriveBehavior.Policy.ExtrinsicValueEstimate.mean": {
            "value": 0.25309595465660095,
            "min": 0.2175561785697937,
            "max": 0.2745811939239502,
            "count": 10
        },
        "DriveBehavior.Policy.ExtrinsicValueEstimate.sum": {
            "value": 70.36067199707031,
            "min": 52.43103790283203,
            "max": 77.43190002441406,
            "count": 10
        },
        "DriveBehavior.Environment.CumulativeReward.mean": {
            "value": 53.30760873478951,
            "min": 36.88247897100787,
            "max": 75.7795576040181,
            "count": 10
        },
        "DriveBehavior.Environment.CumulativeReward.sum": {
            "value": 14819.515228271484,
            "min": 10400.859069824219,
            "max": 18262.87338256836,
            "count": 10
        },
        "DriveBehavior.Policy.ExtrinsicReward.mean": {
            "value": 53.30760873478951,
            "min": 36.88247897100787,
            "max": 75.7795576040181,
            "count": 10
        },
        "DriveBehavior.Policy.ExtrinsicReward.sum": {
            "value": 14819.515228271484,
            "min": 10400.859069824219,
            "max": 18262.87338256836,
            "count": 10
        },
        "DriveBehavior.IsTraining.mean": {
            "value": 1.0,
            "min": 1.0,
            "max": 1.0,
            "count": 10
        },
        "DriveBehavior.IsTraining.sum": {
            "value": 1.0,
            "min": 1.0,
            "max": 1.0,
            "count": 10
        }
    },
    "metadata": {
        "timer_format_version": "0.1.0",
        "start_time_seconds": "1670774187",
        "python_version": "3.8.10 (tags/v3.8.10:3d8993a, May  3 2021, 11:48:03) [MSC v.1928 64 bit (AMD64)]",
        "command_line_arguments": "C:\\Users\\wastl\\AppData\\Local\\Packages\\PythonSoftwareFoundation.Python.3.8_qbz5n2kfra8p0\\LocalCache\\local-packages\\Python38\\Scripts\\mlagents-learn config/ppo/car.yaml --run-id=StepTest",
        "mlagents_version": "0.28.0",
        "mlagents_envs_version": "0.28.0",
        "communication_protocol_version": "1.5.0",
        "pytorch_version": "1.7.1+cu110",
        "numpy_version": "1.23.3",
        "end_time_seconds": "1670774382"
    },
    "total": 195.270918,
    "count": 1,
    "self": 0.017798999999996568,
    "children": {
        "run_training.setup": {
            "total": 0.26867279999999993,
            "count": 1,
            "self": 0.26867279999999993
        },
        "TrainerController.start_learning": {
            "total": 194.9844462,
            "count": 1,
            "self": 0.22932690000021694,
            "children": {
                "TrainerController._reset_env": {
                    "total": 5.9202394,
                    "count": 1,
                    "self": 5.9202394
                },
                "TrainerController.advance": {
                    "total": 188.7318603999998,
                    "count": 13022,
                    "self": 0.20233209999997825,
                    "children": {
                        "env_step": {
                            "total": 169.52301790000053,
                            "count": 13022,
                            "self": 137.50372600000006,
                            "children": {
                                "SubprocessEnvManager._take_step": {
                                    "total": 31.884918299999903,
                                    "count": 13022,
                                    "self": 0.5138719999995054,
                                    "children": {
                                        "TorchPolicy.evaluate": {
                                            "total": 31.371046300000398,
                                            "count": 10439,
                                            "self": 14.828385000000921,
                                            "children": {
                                                "TorchPolicy.sample_actions": {
                                                    "total": 16.542661299999477,
                                                    "count": 10439,
                                                    "self": 16.542661299999477
                                                }
                                            }
                                        }
                                    }
                                },
                                "workers": {
                                    "total": 0.1343736000005702,
                                    "count": 13021,
                                    "self": 0.0,
                                    "children": {
                                        "worker_root": {
                                            "total": 128.45734749999968,
                                            "count": 13021,
                                            "is_parallel": true,
                                            "self": 61.90659769999907,
                                            "children": {
                                                "steps_from_proto": {
                                                    "total": 0.00034879999999937183,
                                                    "count": 1,
                                                    "is_parallel": true,
                                                    "self": 0.00011629999999929197,
                                                    "children": {
                                                        "_process_rank_one_or_two_observation": {
                                                            "total": 0.00023250000000007987,
                                                            "count": 8,
                                                            "is_parallel": true,
                                                            "self": 0.00023250000000007987
                                                        }
                                                    }
                                                },
                                                "UnityEnvironment.step": {
                                                    "total": 66.55040100000062,
                                                    "count": 13021,
                                                    "is_parallel": true,
                                                    "self": 0.9863318999997688,
                                                    "children": {
                                                        "UnityEnvironment._generate_step_input": {
                                                            "total": 0.7008629000002946,
                                                            "count": 13021,