{
    "name": "root",
    "gauges": {
        "DriveBehavior.Policy.Entropy.mean": {
            "value": 1.216813325881958,
            "min": 1.216813325881958,
            "max": 1.418938398361206,
            "count": 400
        },
        "DriveBehavior.Policy.Entropy.sum": {
            "value": 1205.862060546875,
            "min": 1128.256591796875,
            "max": 1467.2154541015625,
            "count": 400
        },
        "DriveBehavior.Environment.EpisodeLength.mean": {
            "value": 10.523255813953488,
            "min": 3.995,
            "max": 13.652173913043478,
            "count": 400
        },
        "DriveBehavior.Environment.EpisodeLength.sum": {
            "value": 905.0,
            "min": 791.0,
            "max": 979.0,
            "count": 400
        },
        "DriveBehavior.Step.mean": {
            "value": 399968.0,
            "min": 999.0,
            "max": 399968.0,
            "count": 400
        },
        "DriveBehavior.Step.sum": {
            "value": 399968.0,
            "min": 999.0,
            "max": 399968.0,
            "count": 400
        },
        "DriveBehavior.Policy.ExtrinsicValueEstimate.mean": {
            "value": 7240.65185546875,
            "min": -0.07585156708955765,
            "max": 8265.935546875,
            "count": 400
        },
        "DriveBehavior.Policy.ExtrinsicValueEstimate.sum": {
            "value": 622696.0625,
            "min": -13.880836486816406,
            "max": 1035684.6875,
            "count": 400
        },
        "DriveBehavior.Environment.CumulativeReward.mean": {
            "value": 5598.244784271994,
            "min": 304.73568587278197,
            "max": 7152.182756882209,
            "count": 400
        },
        "DriveBehavior.Environment.CumulativeReward.sum": {
            "value": 481449.0514473915,
            "min": 58204.516001701355,
            "max": 556728.6696090698,
            "count": 400
        },
        "DriveBehavior.Policy.ExtrinsicReward.mean": {
            "value": 5598.244784271994,
            "min": 304.73568587278197,
            "max": 7152.182756882209,
            "count": 400
        },
        "DriveBehavior.Policy.ExtrinsicReward.sum": {
            "value": 481449.0514473915,
            "min": 58204.516001701355,
            "max": 556728.6696090698,
            "count": 400
        },
        "DriveBehavior.IsTraining.mean": {
            "value": 1.0,
            "min": 1.0,
            "max": 1.0,
            "count": 400
        },
        "DriveBehavior.IsTraining.sum": {
            "value": 1.0,
            "min": 1.0,
            "max": 1.0,
            "count": 400
        },
        "DriveBehavior.Losses.PolicyLoss.mean": {
            "value": 0.09740093885464411,
            "min": 0.09351051108888392,
            "max": 0.10396458036241366,
            "count": 33
        },
        "DriveBehavior.Losses.PolicyLoss.sum": {
            "value": 0.09740093885464411,
            "min": 0.09351051108888392,
            "max": 0.10396458036241366,
            "count": 33
        },
        "DriveBehavior.Losses.ValueLoss.mean": {
            "value": 20303526.559714794,
            "min": 778033.9182820856,
            "max": 21839005.26559715,
            "count": 33
        },
        "DriveBehavior.Losses.ValueLoss.sum": {
            "value": 20303526.559714794,
            "min": 778033.9182820856,
            "max": 21839005.26559715,
            "count": 33
        },
        "DriveBehavior.Policy.LearningRate.mean": {
            "value": 3.987599202499977e-06,
            "min": 3.987599202499977e-06,
            "max": 0.0004849975030004999,
            "count": 33
        },
        "DriveBehavior.Policy.LearningRate.sum": {
            "value": 3.987599202499977e-06,
            "min": 3.987599202499977e-06,
            "max": 0.0004849975030004999,
            "count": 33
        },
        "DriveBehavior.Policy.Epsilon.mean": {
            "value": 0.1007975,
            "min": 0.1007975,
            "max": 0.19699950000000005,
            "count": 33
        },
        "DriveBehavior.Policy.Epsilon.sum": {
            "value": 0.1007975,
            "min": 0.1007975,
            "max": 0.19699950000000005,
            "count": 33
        },
        "DriveBehavior.Policy.Beta.mean": {
            "value": 2.1882749999999932e-05,
            "min": 2.1882749999999932e-05,
            "max": 0.0014552925500000004,
            "count": 33
        },
        "DriveBehavior.Policy.Beta.sum": {
            "value": 2.1882749999999932e-05,
            "min": 2.1882749999999932e-05,
            "max": 0.0014552925500000004,
            "count": 33
        }
    },
    "metadata": {
        "timer_format_version": "0.1.0",
        "start_time_seconds": "1669040218",
        "python_version": "3.8.10 (tags/v3.8.10:3d8993a, May  3 2021, 11:48:03) [MSC v.1928 64 bit (AMD64)]",
        "command_line_arguments": "C:\\Users\\wastl\\AppData\\Local\\Packages\\PythonSoftwareFoundation.Python.3.8_qbz5n2kfra8p0\\LocalCache\\local-packages\\Python38\\Scripts\\mlagents-learn config/ppo/90_car_01.yaml --run-id=90_car03_long",
        "mlagents_version": "0.28.0",
        "mlagents_envs_version": "0.28.0",
        "communication_protocol_version": "1.5.0",
        "pytorch_version": "1.7.1+cu110",
        "numpy_version": "1.23.3",
        "end_time_seconds": "1669044792"
    },
    "total": 4573.4430941,
    "count": 1,
    "self": 0.05618400000003021,
    "children": {
        "run_training.setup": {
            "total": 0.26441159999999897,
            "count": 1,
            "self": 0.26441159999999897
        },
        "TrainerController.start_learning": {
            "total": 4573.1224985,
            "count": 1,
            "self": 7.770172299931801,
            "children": {
                "TrainerController._reset_env": {
                    "total": 11.7277431,
                    "count": 1,
                    "self": 11.7277431
                },
                "TrainerController.advance": {
                    "total": 4553.331527300068,
                    "count": 437506,
                    "self": 6.754255099770489,
                    "children": {
                        "env_step": {
                            "total": 4113.895615600141,
                            "count": 437506,
                            "self": 2981.9056972003846,
                            "children": {
                                "SubprocessEnvManager._take_step": {
                                    "total": 1127.2828843999248,
                                    "count": 437506,
                                    "self": 19.380862700061016,
                                    "children": {
                                        "TorchPolicy.evaluate": {
                                            "total": 1107.9020216998638,
                                            "count": 400013,
                                            "self": 558.0446460999569,
                                            "children": {
                                                "TorchPolicy.sample_actions": {
                                                    "total": 549.8573755999068,
                                                    "count": 400013,
                                                    "self": 549.8573755999068
                                                }
                                            }
                                        }
                                    }
                                },
                                "workers": {
                                    "total": 4.707033999831712,
                                    "count": 437506,
                                    "self": 0.0,