{"count":1,"self":49.323519999999995,"total":134.7299816,"children":{"InitializeActuators":{"count":1,"self":0.0020004,"total":0.0020004,"children":null},"InitializeSensors":{"count":1,"self":0.0027540999999999998,"total":0.0027540999999999998,"children":null},"AgentSendState":{"count":100017,"self":0.7947354,"total":1.1155574,"children":{"CollectObservations":{"count":10002,"self":0.0055182999999999994,"total":0.0055182999999999994,"children":null},"WriteActionMask":{"count":10002,"self":0.0099921,"total":0.0099921,"children":null},"RequestDecision":{"count":10002,"self":0.0484408,"total":0.30531159999999996,"children":{"AgentInfo.ToProto":{"count":10002,"self":0.0473187,"total":0.2568708,"children":{"GenerateSensorData":{"count":10002,"self":0.1655935,"total":0.2095521,"children":{"RayPerceptionSensor.Perceive":{"count":40008,"self":0.0439586,"total":0.0439586,"children":null}}}}}}}}},"DecideAction":{"count":100017,"self":83.225088,"total":83.225085299999989,"children":null},"AgentAct":{"count":100017,"self":0.98394549999999992,"total":1.0606746999999999,"children":{"AgentInfo.ToProto":{"count":2818,"self":0.014405399999999999,"total":0.0767292,"children":{"GenerateSensorData":{"count":2818,"self":0.057331299999999995,"total":0.0623238,"children":{"RayPerceptionSensor.Perceive":{"count":11272,"self":0.0049924999999999995,"total":0.0049924999999999995,"children":null}}}}}}}},"gauges":{"DriveBehaviorCurve.CumulativeReward":{"count":2818,"max":3020.06152,"min":0,"runningAverage":43.961235,"value":0,"weightedAverage":0.101682365}},"metadata":{"timer_format_version":"0.1.0","start_time_seconds":"1670928000","unity_version":"2021.2.1f1","command_line_arguments":"D:\\Programme\\Unity\\2021.2.1f1\\Editor\\Unity.exe -projectpath D:\/FH_IM\/3_Semester\/In Game Technology\/GitHub\/DrivingAgent\/Racing_Game\/AI-Racing-game -useHub -hubIPC -cloudEnvironment production -hubSessionId 97125030-7ac1-11ed-8257-59da1248e09c -accessToken 4BCxEIDZI0XZ-ngbS41EXetwfIu0T-03bKwiA1FWA_o008f","communication_protocol_version":"1.5.0","com.unity.ml-agents_version":"2.2.1-exp.1","scene_name":"Ciriculum_Test","end_time_seconds":"1670928134"}}