{"count":1,"self":782.3394304,"total":2222.7745744999997,"children":{"InitializeActuators":{"count":1,"self":0.00095999999999999992,"total":0.00095999999999999992,"children":null},"InitializeSensors":{"count":1,"self":0.0010003,"total":0.0010003,"children":null},"AgentSendState":{"count":1573101,"self":13.3772328,"total":18.3924734,"children":{"CollectObservations":{"count":157311,"self":0.097200899999999993,"total":0.097200899999999993,"children":null},"WriteActionMask":{"count":157311,"self":0.0936929,"total":0.0936929,"children":null},"RequestDecision":{"count":157311,"self":0.64842309999999992,"total":4.8243465,"children":{"AgentInfo.ToProto":{"count":157311,"self":0.7249512,"total":4.1759233999999994,"children":{"GenerateSensorData":{"count":157311,"self":2.7340763999999997,"total":3.4509722,"children":{"RayPerceptionSensor.Perceive":{"count":629244,"self":0.71689569999999991,"total":0.71689569999999991,"children":null}}}}}}}}},"DecideAction":{"count":1573101,"self":1204.908544,"total":1204.9085372,"children":null},"AgentAct":{"count":1573101,"self":216.24701439999998,"total":217.131744,"children":{"AgentInfo.ToProto":{"count":34031,"self":0.1554903,"total":0.8847242,"children":{"GenerateSensorData":{"count":34031,"self":0.56437759999999992,"total":0.7292339,"children":{"RayPerceptionSensor.Perceive":{"count":136124,"self":0.16485629999999998,"total":0.16485629999999998,"children":null}}}}}}}},"gauges":{"DriveBehavior.CumulativeReward":{"count":34031,"max":5387.774,"min":0,"runningAverage":263.413055,"value":47.8571777,"weightedAverage":1001.78418}},"metadata":{"timer_format_version":"0.1.0","start_time_seconds":"1670495030","unity_version":"2021.2.1f1","command_line_arguments":"D:\\Programme\\Unity\\2021.2.1f1\\Editor\\Unity.exe -projectpath D:\/FH_IM\/3_Semester\/In Game Technology\/GitHub\/DrivingAgent\/Racing_Game\/AI-Racing-game -useHub -hubIPC -cloudEnvironment production -hubSessionId 0d15ac40-76d1-11ed-a895-2398c5c4ca10 -accessToken vp65YvqN68Chs1HhHa-vZRbyiiPKtsM8IQdK0nVQJyI008f","communication_protocol_version":"1.5.0","com.unity.ml-agents_version":"2.2.1-exp.1","scene_name":"Ciriculum_Test","end_time_seconds":"1670497252"}}