{"count":1,"self":98.7395456,"total":103.0724608,"children":{"InitializeActuators":{"count":1,"self":0.0030012999999999997,"total":0.0030012999999999997,"children":null},"InitializeSensors":{"count":1,"self":0.0030502999999999997,"total":0.0030502999999999997,"children":null},"AgentSendState":{"count":4868,"self":0.10296,"total":0.13432539999999998,"children":{"CollectObservations":{"count":487,"self":0.00074469999999999994,"total":0.00074469999999999994,"children":null},"WriteActionMask":{"count":487,"self":0.0013300999999999999,"total":0.0013300999999999999,"children":null},"RequestDecision":{"count":487,"self":0.0292906,"total":0.0292906,"children":null}}},"DecideAction":{"count":4868,"self":0.673327,"total":0.6849398,"children":{"RayPerceptionSensor.Perceive":{"count":974,"self":0.0116128,"total":0.0116128,"children":null}}},"AgentAct":{"count":4868,"self":3.5049927999999997,"total":3.5049926,"children":null}},"gauges":{"DriveBehavior.CumulativeReward":{"count":35,"max":53940.8672,"min":0,"runningAverage":4088.60913,"value":38.8629761,"weightedAverage":4218.061}},"metadata":{"timer_format_version":"0.1.0","start_time_seconds":"1669217031","unity_version":"2021.2.1f1","command_line_arguments":"D:\\Programme\\Unity\\2021.2.1f1\\Editor\\Unity.exe -projectpath D:\/FH_IM\/3_Semester\/In Game Technology\/Unity\/Racing_Game\/AI-Racing-game -useHub -hubIPC -cloudEnvironment production -hubSessionId addca010-6b01-11ed-90fa-9b84f1aab7b8 -accessToken 4Op-Ixk8FoK-7Hl7O5IzgJ_aqCm1UldG4L96a_fXt9E008f","communication_protocol_version":"1.5.0","com.unity.ml-agents_version":"2.2.1-exp.1","scene_name":"SampleScene","end_time_seconds":"1669217134"}}