{
    "name": "root",
    "gauges": {
        "DriveBehaviorCurve.Policy.Entropy.mean": {
            "value": 2.1119415760040283,
            "min": 2.1119229793548584,
            "max": 2.1119489669799805,
            "count": 3
        },
        "DriveBehaviorCurve.Policy.Entropy.sum": {
            "value": 2494.203125,
            "min": 1797.2685546875,
            "max": 2521.635986328125,
            "count": 3
        },
        "DriveBehaviorCurve.Environment.LessonNumber.straight.mean": {
            "value": 0.0,
            "min": 0.0,
            "max": 0.0,
            "count": 3
        },
        "DriveBehaviorCurve.Environment.LessonNumber.straight.sum": {
            "value": 0.0,
            "min": 0.0,
            "max": 0.0,
            "count": 3
        },
        "DriveBehaviorCurve.Environment.EpisodeLength.mean": {
            "value": 58.05,
            "min": 58.05,
            "max": 90.84615384615384,
            "count": 3
        },
        "DriveBehaviorCurve.Environment.EpisodeLength.sum": {
            "value": 1161.0,
            "min": 839.0,
            "max": 1181.0,
            "count": 3
        },
        "DriveBehaviorCurve.Step.mean": {
            "value": 2932.0,
            "min": 894.0,
            "max": 2932.0,
            "count": 3
        },
        "DriveBehaviorCurve.Step.sum": {
            "value": 2932.0,
            "min": 894.0,
            "max": 2932.0,
            "count": 3
        },
        "DriveBehaviorCurve.Policy.ExtrinsicValueEstimate.mean": {
            "value": 0.09186895936727524,
            "min": 0.09186895936727524,
            "max": 0.27913621068000793,
            "count": 3
        },
        "DriveBehaviorCurve.Policy.ExtrinsicValueEstimate.sum": {
            "value": 1.8373792171478271,
            "min": 1.7557661533355713,
            "max": 3.3496344089508057,
            "count": 3
        },
        "DriveBehaviorCurve.Environment.CumulativeReward.mean": {
            "value": 23.21074323654175,
            "min": 22.071367065111797,
            "max": 23.21074323654175,
            "count": 3
        },
        "DriveBehaviorCurve.Environment.CumulativeReward.sum": {
            "value": 464.21486473083496,
            "min": 264.85640478134155,
            "max": 464.21486473083496,
            "count": 3
        },
        "DriveBehaviorCurve.Policy.ExtrinsicReward.mean": {
            "value": 23.21074323654175,
            "min": 22.071367065111797,
            "max": 23.21074323654175,
            "count": 3
        },
        "DriveBehaviorCurve.Policy.ExtrinsicReward.sum": {
            "value": 464.21486473083496,
            "min": 264.85640478134155,
            "max": 464.21486473083496,
            "count": 3
        },
        "DriveBehaviorCurve.IsTraining.mean": {
            "value": 1.0,
            "min": 1.0,
            "max": 1.0,
            "count": 3
        },
        "DriveBehaviorCurve.IsTraining.sum": {
            "value": 1.0,
            "min": 1.0,
            "max": 1.0,
            "count": 3
        }
    },
    "metadata": {
        "timer_format_version": "0.1.0",
        "start_time_seconds": "1670928613",
        "python_version": "3.7.9 (tags/v3.7.9:13c94747c7, Aug 17 2020, 18:58:18) [MSC v.1900 64 bit (AMD64)]",
        "command_line_arguments": "C:\\Users\\Legion67\\AppData\\Local\\Programs\\Python\\Python37\\Scripts\\mlagents-learn config/ppo/RLCarCur.yaml --run-id=RealCur --force",
        "mlagents_version": "0.28.0",
        "mlagents_envs_version": "0.28.0",
        "communication_protocol_version": "1.5.0",
        "pytorch_version": "1.7.1+cu110",
        "numpy_version": "1.21.6",
        "end_time_seconds": "1670928663"
    },
    "total": 49.8468753,
    "count": 1,
    "self": 10.009402600000008,
    "children": {
        "run_training.setup": {
            "total": 0.05864130000000001,
            "count": 1,
            "self": 0.05864130000000001
        },
        "TrainerController.start_learning": {
            "total": 39.778831399999994,
            "count": 1,
            "self": 0.07806919999986661,
            "children": {
                "TrainerController._reset_env": {
                    "total": 5.2313586,
                    "count": 1,
                    "self": 5.2313586
                },
                "TrainerController.advance": {
                    "total": 34.37242230000012,
                    "count": 3706,
                    "self": 0.09284369999998177,
                    "children": {
                        "env_step": {
                            "total": 33.71165859999997,
                            "count": 3706,
                            "self": 21.7013621999995,
                            "children": {
                                "SubprocessEnvManager._take_step": {
                                    "total": 11.977052500000234,
                                    "count": 3706,
                                    "self": 0.14025530000025732,
                                    "children": {
                                        "TorchPolicy.evaluate": {
                                            "total": 11.836797199999976,
                                            "count": 3654,
                                            "self": 5.218405699999975,
                                            "children": {
                                                "TorchPolicy.sample_actions": {
                                                    "total": 6.618391500000001,
                                                    "count": 3654,
                                                    "self": 6.618391500000001
                                                }
                                            }
                                        }
                                    }
                                },
                                "workers": {
                                    "total": 0.03324390000023847,
                                    "count": 3705,
                                    "self": 0.0,
                                    "children": {
                                        "worker_root": {
                                            "total": 35.351001499999846,
                                            "count": 3705,
                                            "is_parallel": true,
                                            "self": 15.963509899999675,
                                            "children": {
                                                "steps_from_proto": {
                                                    "total": 0.00040890000000004534,
                                                    "count": 1,
                                                    "is_parallel": true,
                                                    "self": 0.00019449999999832102,
                                                    "children": {
                                                        "_process_rank_one_or_two_observation": {
                                                            "total": 0.00021440000000172432,
                                                            "count": 8,
                                                            "is_parallel": true,
                                                            "self": 0.00021440000000172432
                                                        }
                                                    }
                                                },
                                                "UnityEnvironment.step": {
                                                    "total": 19.38708270000017,
                                                    "count": 3705,
                                                    "is_parallel": true,
                                                    "self": 0.23805799999992416,