{
    "name": "root",
    "gauges": {
        "DriveBehaviorCurve.Policy.Entropy.mean": {
            "value": 0.8702023029327393,
            "min": 0.8700569868087769,
            "max": 2.111973762512207,
            "count": 1855
        },
        "DriveBehaviorCurve.Policy.Entropy.sum": {
            "value": 870.2023315429688,
            "min": 289.0306396484375,
            "max": 3279.88525390625,
            "count": 1855
        },
        "DriveBehaviorCurve.Environment.EpisodeLength.mean": {
            "value": 2.1800947867298577,
            "min": 0.75,
            "max": 11370.0,
            "count": 1703
        },
        "DriveBehaviorCurve.Environment.EpisodeLength.sum": {
            "value": 460.0,
            "min": 15.0,
            "max": 11370.0,
            "count": 1703
        },
        "DriveBehaviorCurve.Environment.LessonNumber.ciriconf.mean": {
            "value": 7.0,
            "min": 0.0,
            "max": 7.0,
            "count": 1855
        },
        "DriveBehaviorCurve.Environment.LessonNumber.ciriconf.sum": {
            "value": 7.0,
            "min": 0.0,
            "max": 7.0,
            "count": 1855
        },
        "DriveBehaviorCurve.Step.mean": {
            "value": 1854716.0,
            "min": 923.0,
            "max": 1854716.0,
            "count": 1855
        },
        "DriveBehaviorCurve.Step.sum": {
            "value": 1854716.0,
            "min": 923.0,
            "max": 1854716.0,
            "count": 1855
        },
        "DriveBehaviorCurve.Policy.ExtrinsicValueEstimate.mean": {
            "value": 740.9030151367188,
            "min": -259.3226013183594,
            "max": 2859.78076171875,
            "count": 1855
        },
        "DriveBehaviorCurve.Policy.ExtrinsicValueEstimate.sum": {
            "value": 740.9030151367188,
            "min": -259.3226013183594,
            "max": 193666.640625,
            "count": 1855
        },
        "DriveBehaviorCurve.Environment.CumulativeReward.mean": {
            "value": 96.68346606560473,
            "min": 0.0,
            "max": 1462.9836832682292,
            "count": 1695
        },
        "DriveBehaviorCurve.Environment.CumulativeReward.sum": {
            "value": 20496.894805908203,
            "min": 0.0,
            "max": 79714.25390625,
            "count": 1695
        },
        "DriveBehaviorCurve.Policy.ExtrinsicReward.mean": {
            "value": 96.68346606560473,
            "min": 0.0,
            "max": 1462.9836832682292,
            "count": 1695
        },
        "DriveBehaviorCurve.Policy.ExtrinsicReward.sum": {
            "value": 20496.894805908203,
            "min": 0.0,
            "max": 79714.25390625,
            "count": 1695
        },
        "DriveBehaviorCurve.IsTraining.mean": {
            "value": 1.0,
            "min": 1.0,
            "max": 1.0,
            "count": 1855
        },
        "DriveBehaviorCurve.IsTraining.sum": {
            "value": 1.0,
            "min": 1.0,
            "max": 1.0,
            "count": 1855
        },
        "DriveBehaviorCurve.Losses.PolicyLoss.mean": {
            "value": 0.08742823929922852,
            "min": 0.08452796975064875,
            "max": 0.10896727023423158,
            "count": 153
        },
        "DriveBehaviorCurve.Losses.PolicyLoss.sum": {
            "value": 0.08742823929922852,
            "min": 0.08452796975064875,
            "max": 0.10896727023423158,
            "count": 153
        },
        "DriveBehaviorCurve.Losses.ValueLoss.mean": {
            "value": 97.75713107464544,
            "min": 97.75713107464544,
            "max": 690587.2325646167,
            "count": 153
        },
        "DriveBehaviorCurve.Losses.ValueLoss.sum": {
            "value": 97.75713107464544,
            "min": 97.75713107464544,
            "max": 690587.2325646167,
            "count": 153
        },
        "DriveBehaviorCurve.Policy.LearningRate.mean": {
            "value": 3.1844084077999996e-05,
            "min": 3.1844084077999996e-05,
            "max": 0.00019890727327363632,
            "count": 153
        },
        "DriveBehaviorCurve.Policy.LearningRate.sum": {
            "value": 3.1844084077999996e-05,
            "min": 3.1844084077999996e-05,
            "max": 0.00019890727327363632,
            "count": 153
        },
        "DriveBehaviorCurve.Policy.Epsilon.mean": {
            "value": 0.11592200000000003,
            "min": 0.11592200000000003,
            "max": 0.19945363636363633,
            "count": 153
        },
        "DriveBehaviorCurve.Policy.Epsilon.sum": {
            "value": 0.11592200000000003,
            "min": 0.11592200000000003,
            "max": 0.19945363636363633,
            "count": 153
        },
        "DriveBehaviorCurve.Policy.Beta.mean": {
            "value": 0.0008045078000000004,
            "min": 0.0008045078000000004,
            "max": 0.004972736454545454,
            "count": 153
        },
        "DriveBehaviorCurve.Policy.Beta.sum": {
            "value": 0.0008045078000000004,
            "min": 0.0008045078000000004,
            "max": 0.004972736454545454,
            "count": 153
        }
    },
    "metadata": {
        "timer_format_version": "0.1.0",
        "start_time_seconds": "1671542731",
        "python_version": "3.7.9 (tags/v3.7.9:13c94747c7, Aug 17 2020, 18:58:18) [MSC v.1900 64 bit (AMD64)]",
        "command_line_arguments": "C:\\Users\\Legion67\\AppData\\Local\\Programs\\Python\\Python37\\Scripts\\mlagents-learn config/ppo/ciriculum.yaml --run-id=carPhil --force",
        "mlagents_version": "0.28.0",
        "mlagents_envs_version": "0.28.0",
        "communication_protocol_version": "1.5.0",
        "pytorch_version": "1.7.1+cu110",
        "numpy_version": "1.21.6",
        "end_time_seconds": "1671562886"
    },
    "total": 20155.3575329,
    "count": 1,
    "self": 0.010445300002174918,
    "children": {
        "run_training.setup": {
            "total": 0.05898559999999997,
            "count": 1,
            "self": 0.05898559999999997
        },
        "TrainerController.start_learning": {
            "total": 20155.288102,
            "count": 1,
            "self": 51.78151400019124,
            "children": {
                "TrainerController._reset_env": {
                    "total": 6.1823472,
                    "count": 1,
                    "self": 6.1823472
                },
                "TrainerController.advance": {
                    "total": 20097.239616699808,
                    "count": 2158518,
                    "self": 53.48515599932216,
                    "children": {
                        "env_step": {
                            "total": 17212.97399399878,
                            "count": 2158518,
                            "self": 10768.772304900533,
                            "children": {
                                "SubprocessEnvManager._take_step": {
                                    "total": 6424.181863099404,
                                    "count": 2158518,
                                    "self": 73.51027969927236,
                                    "children": {
                                        "TorchPolicy.evaluate": {
                                            "total": 6350.671583400132,
                                            "count": 1856409,
                                            "self": 3080.8523827004688,
                                            "children": {
                                                "TorchPolicy.sample_actions": {
                                                    "total": 3269.819200699663,
                                                    "count": 1856408,