{
    "name": "root",
    "gauges": {
        "DriveBehaviorCurve.Policy.Entropy.mean": {
            "value": 2.1119515895843506,
            "min": 2.111785650253296,
            "max": 2.1119515895843506,
            "count": 3
        },
        "DriveBehaviorCurve.Policy.Entropy.sum": {
            "value": 2114.0634765625,
            "min": 1953.4798583984375,
            "max": 2350.41748046875,
            "count": 3
        },
        "DriveBehaviorCurve.Environment.EpisodeLength.mean": {
            "value": 14.166666666666666,
            "min": 11.097826086956522,
            "max": 91.5,
            "count": 3
        },
        "DriveBehaviorCurve.Environment.EpisodeLength.sum": {
            "value": 935.0,
            "min": 915.0,
            "max": 1021.0,
            "count": 3
        },
        "DriveBehaviorCurve.Environment.LessonNumber.ciriconf.mean": {
            "value": 1.0,
            "min": 0.0,
            "max": 1.0,
            "count": 3
        },
        "DriveBehaviorCurve.Environment.LessonNumber.ciriconf.sum": {
            "value": 1.0,
            "min": 0.0,
            "max": 1.0,
            "count": 3
        },
        "DriveBehaviorCurve.Step.mean": {
            "value": 2875.0,
            "min": 985.0,
            "max": 2875.0,
            "count": 3
        },
        "DriveBehaviorCurve.Step.sum": {
            "value": 2875.0,
            "min": 985.0,
            "max": 2875.0,
            "count": 3
        },
        "DriveBehaviorCurve.Policy.ExtrinsicValueEstimate.mean": {
            "value": 0.07602779567241669,
            "min": -0.0019718012772500515,
            "max": 0.13004031777381897,
            "count": 3
        },
        "DriveBehaviorCurve.Policy.ExtrinsicValueEstimate.sum": {
            "value": 5.017834663391113,
            "min": -0.01971801370382309,
            "max": 11.83366870880127,
            "count": 3
        },
        "DriveBehaviorCurve.Environment.CumulativeReward.mean": {
            "value": 13.72486553770123,
            "min": 10.99558959688459,
            "max": 59.16788330078125,
            "count": 3
        },
        "DriveBehaviorCurve.Environment.CumulativeReward.sum": {
            "value": 905.8411254882812,
            "min": 591.6788330078125,
            "max": 1000.5986533164978,
            "count": 3
        },
        "DriveBehaviorCurve.Policy.ExtrinsicReward.mean": {
            "value": 13.72486553770123,
            "min": 10.99558959688459,
            "max": 59.16788330078125,
            "count": 3
        },
        "DriveBehaviorCurve.Policy.ExtrinsicReward.sum": {
            "value": 905.8411254882812,
            "min": 591.6788330078125,
            "max": 1000.5986533164978,
            "count": 3
        },
        "DriveBehaviorCurve.IsTraining.mean": {
            "value": 1.0,
            "min": 1.0,
            "max": 1.0,
            "count": 3
        },
        "DriveBehaviorCurve.IsTraining.sum": {
            "value": 1.0,
            "min": 1.0,
            "max": 1.0,
            "count": 3
        }
    },
    "metadata": {
        "timer_format_version": "0.1.0",
        "start_time_seconds": "1671542634",
        "python_version": "3.7.9 (tags/v3.7.9:13c94747c7, Aug 17 2020, 18:58:18) [MSC v.1900 64 bit (AMD64)]",
        "command_line_arguments": "C:\\Users\\Legion67\\AppData\\Local\\Programs\\Python\\Python37\\Scripts\\mlagents-learn config/ppo/ciriculum.yaml --run-id=carPhil --force",
        "mlagents_version": "0.28.0",
        "mlagents_envs_version": "0.28.0",
        "communication_protocol_version": "1.5.0",
        "pytorch_version": "1.7.1+cu110",
        "numpy_version": "1.21.6",
        "end_time_seconds": "1671542671"
    },
    "total": 36.7782003,
    "count": 1,
    "self": 0.00915210000000144,
    "children": {
        "run_training.setup": {
            "total": 0.059036100000000036,
            "count": 1,
            "self": 0.059036100000000036
        },
        "TrainerController.start_learning": {
            "total": 36.7100121,
            "count": 1,
            "self": 0.08026129999998943,
            "children": {
                "TrainerController._reset_env": {
                    "total": 5.1196622000000005,
                    "count": 1,
                    "self": 5.1196622000000005
                },
                "TrainerController.advance": {
                    "total": 31.406954500000012,
                    "count": 3584,
                    "self": 0.09057159999984066,
                    "children": {
                        "env_step": {
                            "total": 30.08297340000001,
                            "count": 3584,
                            "self": 18.306728999999706,
                            "children": {
                                "SubprocessEnvManager._take_step": {
                                    "total": 11.743741800000102,
                                    "count": 3584,
                                    "self": 0.13136659999987899,
                                    "children": {
                                        "TorchPolicy.evaluate": {
                                            "total": 11.612375200000223,
                                            "count": 3406,
                                            "self": 5.207878400000248,
                                            "children": {
                                                "TorchPolicy.sample_actions": {
                                                    "total": 6.404496799999975,
                                                    "count": 3406,
                                                    "self": 6.404496799999975
                                                }
                                            }
                                        }
                                    }
                                },
                                "workers": {
                                    "total": 0.032502600000201554,
                                    "count": 3583,
                                    "self": 0.0,
                                    "children": {
                                        "worker_root": {
                                            "total": 32.4174664000002,
                                            "count": 3583,
                                            "is_parallel": true,
                                            "self": 16.315806600000215,
                                            "children": {
                                                "steps_from_proto": {
                                                    "total": 0.0017423999999994777,
                                                    "count": 1,
                                                    "is_parallel": true,
                                                    "self": 0.0015140000000002374,
                                                    "children": {
                                                        "_process_rank_one_or_two_observation": {
                                                            "total": 0.00022839999999924032,
                                                            "count": 8,
                                                            "is_parallel": true,
                                                            "self": 0.00022839999999924032
                                                        }
                                                    }
                                                },
                                                "UnityEnvironment.step": {
                                                    "total": 16.099917399999985,
                                                    "count": 3583,
                                                    "is_parallel": true,