{
    "name": "root",
    "gauges": {
        "DriveBehavior.Policy.Entropy.mean": {
            "value": 1.192420244216919,
            "min": 1.1924201250076294,
            "max": 1.418938398361206,
            "count": 400
        },
        "DriveBehavior.Policy.Entropy.sum": {
            "value": 1197.18994140625,
            "min": 1101.9652099609375,
            "max": 1467.18212890625,
            "count": 400
        },
        "DriveBehavior.Environment.EpisodeLength.mean": {
            "value": 11.708860759493671,
            "min": 4.567415730337078,
            "max": 12.452054794520548,
            "count": 400
        },
        "DriveBehavior.Environment.EpisodeLength.sum": {
            "value": 925.0,
            "min": 801.0,
            "max": 988.0,
            "count": 400
        },
        "DriveBehavior.Step.mean": {
            "value": 399970.0,
            "min": 960.0,
            "max": 399970.0,
            "count": 400
        },
        "DriveBehavior.Step.sum": {
            "value": 399970.0,
            "min": 960.0,
            "max": 399970.0,
            "count": 400
        },
        "DriveBehavior.Policy.ExtrinsicValueEstimate.mean": {
            "value": 8265.55859375,
            "min": -0.034522127360105515,
            "max": 9244.1533203125,
            "count": 400
        },
        "DriveBehavior.Policy.ExtrinsicValueEstimate.sum": {
            "value": 652979.125,
            "min": -5.523540496826172,
            "max": 1043794.75,
            "count": 400
        },
        "DriveBehavior.Environment.CumulativeReward.mean": {
            "value": 7410.24576016921,
            "min": 468.4253673258792,
            "max": 8582.262396720991,
            "count": 400
        },
        "DriveBehavior.Environment.CumulativeReward.sum": {
            "value": 585409.4150533676,
            "min": 83379.7153840065,
            "max": 632479.1666817665,
            "count": 400
        },
        "DriveBehavior.Policy.ExtrinsicReward.mean": {
            "value": 7410.24576016921,
            "min": 468.4253673258792,
            "max": 8582.262396720991,
            "count": 400
        },
        "DriveBehavior.Policy.ExtrinsicReward.sum": {
            "value": 585409.4150533676,
            "min": 83379.7153840065,
            "max": 632479.1666817665,
            "count": 400
        },
        "DriveBehavior.IsTraining.mean": {
            "value": 1.0,
            "min": 1.0,
            "max": 1.0,
            "count": 400
        },
        "DriveBehavior.IsTraining.sum": {
            "value": 1.0,
            "min": 1.0,
            "max": 1.0,
            "count": 400
        },
        "DriveBehavior.Losses.PolicyLoss.mean": {
            "value": 0.10007748983846647,
            "min": 0.09301685462846901,
            "max": 0.10611454294679053,
            "count": 33
        },
        "DriveBehavior.Losses.PolicyLoss.sum": {
            "value": 0.10007748983846647,
            "min": 0.09301685462846901,
            "max": 0.10611454294679053,
            "count": 33
        },
        "DriveBehavior.Losses.ValueLoss.mean": {
            "value": 25416317.646276597,
            "min": 1200770.579239082,
            "max": 25416317.646276597,
            "count": 33
        },
        "DriveBehavior.Losses.ValueLoss.sum": {
            "value": 25416317.646276597,
            "min": 1200770.579239082,
            "max": 25416317.646276597,
            "count": 33
        },
        "DriveBehavior.Policy.LearningRate.mean": {
            "value": 4.075099184999994e-06,
            "min": 4.075099184999994e-06,
            "max": 0.00048498250300350003,
            "count": 33
        },
        "DriveBehavior.Policy.LearningRate.sum": {
            "value": 4.075099184999994e-06,
            "min": 4.075099184999994e-06,
            "max": 0.00048498250300350003,
            "count": 33
        },
        "DriveBehavior.Policy.Epsilon.mean": {
            "value": 0.10081500000000002,
            "min": 0.10081500000000002,
            "max": 0.19699650000000002,
            "count": 33
        },
        "DriveBehavior.Policy.Epsilon.sum": {
            "value": 0.10081500000000002,
            "min": 0.10081500000000002,
            "max": 0.19699650000000002,
            "count": 33
        },
        "DriveBehavior.Policy.Beta.mean": {
            "value": 2.214349999999999e-05,
            "min": 2.214349999999999e-05,
            "max": 0.0014552478500000003,
            "count": 33
        },
        "DriveBehavior.Policy.Beta.sum": {
            "value": 2.214349999999999e-05,
            "min": 2.214349999999999e-05,
            "max": 0.0014552478500000003,
            "count": 33
        }
    },
    "metadata": {
        "timer_format_version": "0.1.0",
        "start_time_seconds": "1669034798",
        "python_version": "3.8.10 (tags/v3.8.10:3d8993a, May  3 2021, 11:48:03) [MSC v.1928 64 bit (AMD64)]",
        "command_line_arguments": "C:\\Users\\wastl\\AppData\\Local\\Packages\\PythonSoftwareFoundation.Python.3.8_qbz5n2kfra8p0\\LocalCache\\local-packages\\Python38\\Scripts\\mlagents-learn config/ppo/90_car_01.yaml --run-id=90_car02_long",
        "mlagents_version": "0.28.0",
        "mlagents_envs_version": "0.28.0",
        "communication_protocol_version": "1.5.0",
        "pytorch_version": "1.7.1+cu110",
        "numpy_version": "1.23.3",
        "end_time_seconds": "1669039593"
    },
    "total": 4795.4899313,
    "count": 1,
    "self": 0.04258149999895977,
    "children": {
        "run_training.setup": {
            "total": 0.18430829999999998,
            "count": 1,
            "self": 0.18430829999999998
        },
        "TrainerController.start_learning": {
            "total": 4795.2630415,
            "count": 1,
            "self": 7.662761499800581,
            "children": {
                "TrainerController._reset_env": {
                    "total": 9.300969499999999,
                    "count": 1,
                    "self": 9.300969499999999
                },
                "TrainerController.advance": {
                    "total": 4777.986134400199,
                    "count": 437007,
                    "self": 6.813143000121272,
                    "children": {
                        "env_step": {
                            "total": 4346.0320428999585,
                            "count": 437007,
                            "self": 3282.5263407003104,
                            "children": {
                                "SubprocessEnvManager._take_step": {
                                    "total": 1058.7661921997983,
                                    "count": 437007,
                                    "self": 19.68938059965285,
                                    "children": {
                                        "TorchPolicy.evaluate": {
                                            "total": 1039.0768116001454,
                                            "count": 400016,
                                            "self": 513.3187747003226,
                                            "children": {
                                                "TorchPolicy.sample_actions": {
                                                    "total": 525.7580368998229,
                                                    "count": 400016,
                                                    "self": 525.7580368998229
                                                }
                                            }
                                        }
                                    }
                                },
                                "workers": {
                                    "total": 4.739509999849545,
                                    "count": 437007,
                                    "self": 0.0,